{"reward per step": -8, "_timestamp": 1709320619.450995, "_runtime": 12.853440999984741, "_step": 1616, "reward per episode": 44, "_wandb": {"runtime": 12}}