{
  "ep_length_mean": [
    100.0,
    100.0,
    100.0,
    100.0,
    100.0,
    100.0,
    100.0,
    100.0,
    100.0,
    100.0,
    100.0,
    100.0,
    100.0,
    100.0,
    100.0,
    100.0,
    100.0
  ],
  "ep_length_mean_T": [
    100,
    10100,
    20100,
    30100,
    40100,
    50100,
    60100,
    70100,
    80100,
    90100,
    100100,
    110100,
    120100,
    130100,
    140100,
    150100,
    160100
  ],
  "episode": [
    500,
    1000,
    1500
  ],
  "episode_T": [
    50000,
    100000,
    150000
  ],
  "epsilon": [
    1.0,
    0.81,
    0.6200000000000001,
    0.43000000000000005,
    0.2400000000000001,
    0.050000000000000155,
    0.05,
    0.05,
    0.05,
    0.05,
    0.05,
    0.05,
    0.05,
    0.05,
    0.05,
    0.05,
    0.05
  ],
  "epsilon_T": [
    100,
    10100,
    20100,
    30100,
    40100,
    50100,
    60100,
    70100,
    80100,
    90100,
    100100,
    110100,
    120100,
    130100,
    140100,
    150100,
    160100
  ],
  "grad_norm": [
    0.1376151144504547,
    0.28714224696159363,
    0.5318945050239563,
    0.2745400369167328,
    0.961334764957428,
    0.3646097481250763,
    3.6380767822265625,
    0.40145906805992126,
    2.7987608909606934,
    0.4281594157218933,
    4.540248870849609,
    2.44480562210083,
    0.7050009369850159,
    0.8066636323928833,
    0.7237508296966553,
    0.4211907386779785,
    0.9368113875389099
  ],
  "grad_norm_T": [
    3200,
    13200,
    23200,
    33200,
    43200,
    53200,
    63200,
    73200,
    83200,
    93200,
    103200,
    113200,
    123200,
    133200,
    143200,
    153200,
    163200
  ],
  "loss": [
    1.0103055238723755,
    1.6353274583816528,
    0.9685608744621277,
    0.7336381077766418,
    0.7795474529266357,
    0.47876423597335815,
    0.9195592999458313,
    1.3068097829818726,
    1.210103988647461,
    1.022858738899231,
    1.8625398874282837,
    0.9522011280059814,
    0.8561735153198242,
    1.0392755270004272,
    1.0139660835266113,
    0.938534140586853,
    1.0908989906311035
  ],
  "loss_T": [
    3200,
    13200,
    23200,
    33200,
    43200,
    53200,
    63200,
    73200,
    83200,
    93200,
    103200,
    113200,
    123200,
    133200,
    143200,
    153200,
    163200
  ],
  "q_taken_mean": [
    0.0013563264740837945,
    0.0017445211940341526,
    0.013517574734157985,
    0.06092230902777778,
    0.05933221605088976,
    0.0838660176595052,
    -0.019065081278483074,
    0.17468700832790798,
    0.22610724555121528,
    0.20462466769748264,
    0.37886094835069445,
    0.22889539930555555,
    0.3661759779188368,
    0.47791029188368056,
    0.3826938205295139,
    0.4581762017144097,
    0.4064630805121528
  ],
  "q_taken_mean_T": [
    3200,
    13200,
    23200,
    33200,
    43200,
    53200,
    63200,
    73200,
    83200,
    93200,
    103200,
    113200,
    123200,
    133200,
    143200,
    153200,
    163200
  ],
  "return_mean": [
    {
      "dtype": "float64",
      "py/object": "numpy.float64",
      "value": 0.14636986301369873
    },
    {
      "dtype": "float64",
      "py/object": "numpy.float64",
      "value": 0.19503486268548048
    },
    {
      "dtype": "float64",
      "py/object": "numpy.float64",
      "value": 0.252571417198583
    },
    {
      "dtype": "float64",
      "py/object": "numpy.float64",
      "value": 0.27740805020901
    },
    {
      "dtype": "float64",
      "py/object": "numpy.float64",
      "value": 0.3207882181353151
    },
    {
      "dtype": "float64",
      "py/object": "numpy.float64",
      "value": 0.36115021167966943
    },
    {
      "dtype": "float64",
      "py/object": "numpy.float64",
      "value": 0.38597366793070087
    },
    {
      "dtype": "float64",
      "py/object": "numpy.float64",
      "value": 0.16521131430020744
    },
    {
      "dtype": "float64",
      "py/object": "numpy.float64",
      "value": 0.04923233945512912
    },
    {
      "dtype": "float64",
      "py/object": "numpy.float64",
      "value": 0.16931149578851787
    },
    {
      "dtype": "float64",
      "py/object": "numpy.float64",
      "value": 0.26766319930219695
    },
    {
      "dtype": "float64",
      "py/object": "numpy.float64",
      "value": 0.2270028807530448
    },
    {
      "dtype": "float64",
      "py/object": "numpy.float64",
      "value": 0.25604844677909383
    },
    {
      "dtype": "float64",
      "py/object": "numpy.float64",
      "value": 0.31017887443370895
    },
    {
      "dtype": "float64",
      "py/object": "numpy.float64",
      "value": 0.33173730645974137
    },
    {
      "dtype": "float64",
      "py/object": "numpy.float64",
      "value": 0.3290104611890788
    },
    {
      "dtype": "float64",
      "py/object": "numpy.float64",
      "value": 0.3233070813885892
    }
  ],
  "return_mean_T": [
    100,
    10100,
    20100,
    30100,
    40100,
    50100,
    60100,
    70100,
    80100,
    90100,
    100100,
    110100,
    120100,
    130100,
    140100,
    150100,
    160100
  ],
  "return_std": [
    {
      "dtype": "float64",
      "py/object": "numpy.float64",
      "value": 0.0
    },
    {
      "dtype": "float64",
      "py/object": "numpy.float64",
      "value": 0.030981018095459334
    },
    {
      "dtype": "float64",
      "py/object": "numpy.float64",
      "value": 0.045633245138041366
    },
    {
      "dtype": "float64",
      "py/object": "numpy.float64",
      "value": 0.044109323013204055
    },
    {
      "dtype": "float64",
      "py/object": "numpy.float64",
      "value": 0.04514515787108965
    },
    {
      "dtype": "float64",
      "py/object": "numpy.float64",
      "value": 0.05050627543184614
    },
    {
      "dtype": "float64",
      "py/object": "numpy.float64",
      "value": 0.04603912987912746
    },
    {
      "dtype": "float64",
      "py/object": "numpy.float64",
      "value": 0.09918913021417167
    },
    {
      "dtype": "float64",
      "py/object": "numpy.float64",
      "value": 0.06025016388543768
    },
    {
      "dtype": "float64",
      "py/object": "numpy.float64",
      "value": 0.10026959858308968
    },
    {
      "dtype": "float64",
      "py/object": "numpy.float64",
      "value": 0.06018069052921237
    },
    {
      "dtype": "float64",
      "py/object": "numpy.float64",
      "value": 0.0925569995322846
    },
    {
      "dtype": "float64",
      "py/object": "numpy.float64",
      "value": 0.07593820994265206
    },
    {
      "dtype": "float64",
      "py/object": "numpy.float64",
      "value": 0.05307356833913301
    },
    {
      "dtype": "float64",
      "py/object": "numpy.float64",
      "value": 0.04582336683014828
    },
    {
      "dtype": "float64",
      "py/object": "numpy.float64",
      "value": 0.0328966221979401
    },
    {
      "dtype": "float64",
      "py/object": "numpy.float64",
      "value": 0.03481200610567473
    }
  ],
  "return_std_T": [
    100,
    10100,
    20100,
    30100,
    40100,
    50100,
    60100,
    70100,
    80100,
    90100,
    100100,
    110100,
    120100,
    130100,
    140100,
    150100,
    160100
  ],
  "target_mean": [
    0.04058588663736979,
    0.01839853074815538,
    0.06262446085611979,
    0.051535606384277344,
    0.09863967895507812,
    0.08378638373480903,
    0.14483340793185764,
    0.17741263495551216,
    0.28523406982421873,
    0.21867102728949653,
    0.42642198350694444,
    0.2688497585720486,
    0.3738173421223958,
    0.47865512424045137,
    0.3995107014973958,
    0.4595913357204861,
    0.42278703477647567
  ],
  "target_mean_T": [
    3200,
    13200,
    23200,
    33200,
    43200,
    53200,
    63200,
    73200,
    83200,
    93200,
    103200,
    113200,
    123200,
    133200,
    143200,
    153200,
    163200
  ],