{"reward per step": 2, "_timestamp": 1709321322.124387, "_runtime": 421.3620181083679, "_step": 102546, "reward per episode": 112}